{
  "apps": [
    {
      "exec_mode": "fork_mode",
      "script": "./app.js",
      "name": "proj-0",
      "node_args": [ "--harmony" ],
      "env": {
        "PORT": 3000,
        "NODE_ENV": "production"
      },
      "error_file": "/var/www/logs/proj-0.err.log",
      "out_file": "/var/www/logs/proj-0.out.log"
    },
    {
      "exec_mode": "fork_mode",
      "script": "./app.js",
      "name": "proj-1",
      "node_args": [ "--harmony" ],
      "env": {
        "PORT": 3001,
        "NODE_ENV": "production"
      },
      "error_file": "/var/www/logs/proj-1.err.log",
      "out_file": "/var/www/logs/proj-1.out.log"
    },
    {
      "exec_mode": "fork_mode",
      "script": "./app.js",
      "name": "proj-2",
      "node_args": [ "--harmony" ],
      "env": {
        "PORT": 3002,
        "NODE_ENV": "production"
      },
      "error_file": "/var/www/logs/proj-2.err.log",
      "out_file": "/var/www/logs/proj-2.out.log"
    },
    {
        "exec_mode": "fork_mode",
        "script": "./app.js",
        "name": "proj-3",
        "node_args": [ "--harmony" ],
        "env": {
          "PORT": 3003,
          "NODE_ENV": "production"
        },
        "error_file": "/var/www/logs/proj-3.err.log",
        "out_file": "/var/www/logs/proj-3.out.log"
    }
  ]
}
